,precision,recall,ndcg,hit_ratio,F1,diversity,novelty,coverage,K
0,0.057437407952871916,0.01851759760449009,0.057437407952871916,0.057437407952871916,0.02535244170001166,0.9999999999999968,2.807892273148036,0.16047652417659425,1
1,0.048600883652429955,0.06989428770811416,0.11708032217917141,0.21796759941089788,0.05025822229018965,1.2196375326732944,2.8077333136203273,0.2936229852838122,5
2,0.0410898379970544,0.12271397456682885,0.15706702039447798,0.3269513991163467,0.05568143069177892,1.2306692373493704,2.831353846743531,0.35949544498948843,10
3,0.03645066273932244,0.22253136794092296,0.22036719723939308,0.5257731958762871,0.05858859730840657,1.2365685604046763,2.918667147309695,0.4498948843728101,20
