,precision,recall,ndcg,hit_ratio,F1,diversity,novelty,coverage,K
0,0.06697459584295606,0.015943116931990027,0.06697459584295606,0.06697459584295606,0.022529256379967118,1.0000000000000144,3.0012592584363063,0.20532585844428872,1
1,0.05681293302540387,0.06107798612914583,0.13197757689171016,0.25288683602771467,0.04847791352520119,1.248130489912742,2.9879596054585584,0.3566923615977575,5
2,0.04849884526558858,0.10741572513049673,0.17824409371021863,0.3764434180138561,0.056398405037996355,1.2522300704522569,2.993269765091614,0.41485634197617377,10
3,0.042436489607389966,0.19360901196730285,0.2469653010549269,0.5750577367205544,0.06138663659706723,1.2489674557307306,3.0437371404274116,0.4954449894884373,20
