,precision,recall,ndcg,hit_ratio,F1,diversity,novelty,coverage,K
0,0.10160427807486626,0.006595136308313299,0.10160427807486626,0.10160427807486626,0.012278225191142253,1.0000000000000027,3.703377884162183,0.09600560616678346,1
1,0.08663101604278067,0.02906585365791848,0.18606974774632837,0.37967914438502703,0.042013583838424635,1.35158887475544,3.642364162454066,0.2592852137351086,5
2,0.0754010695187165,0.05186753600071269,0.25513838665881616,0.5561497326203219,0.05900175039137367,1.330517801344549,3.5811890621950715,0.3419761737911703,10
3,0.06417112299465236,0.08859147343206898,0.343543442716677,0.7540106951871676,0.07154636214252517,1.2939880435723914,3.4978682919083073,0.41205325858444286,20
