,precision,recall,ndcg,hit_ratio,F1,diversity,novelty,coverage,K
0,0.014707598926111825,0.0011572973124176099,0.014707598926111825,0.014707598926111825,0.0021121645435976636,0.9999999999999372,9.957526035220448,0.07406838094819825,1
1,0.014637562740749243,0.0058959953170143395,0.03803723785345931,0.07015291233804097,0.007988274321480462,4.847139765515812,9.934380090525805,0.20643843738334175,5
2,0.014754289716353269,0.012007510333391777,0.05882623566137201,0.13540329170071336,0.01242294142644448,4.894934055865701,9.923532310249769,0.3020048749423571,10
3,0.013931364538344633,0.02284018297892781,0.08763022482848307,0.23415431306174256,0.016200307390528308,4.969628259117965,9.931869466844935,0.42168251388919387,20
