,precision,recall,ndcg,hit_ratio,F1,diversity,novelty,coverage,K
0,0.0073173918724683505,0.001546655515924983,0.0073173918724683505,0.0073173918724683505,0.0024238789918934393,1.0000000000003724,10.217060650165923,0.23577592832517183,1
1,0.0072956139204672045,0.007535721886736153,0.019781984482063003,0.03541094995426724,0.0067059745644740204,4.954476340114485,10.125659632778127,0.5030193899734293,5
2,0.007206324317261085,0.014968333988278647,0.03022703760016632,0.06799076614835413,0.00878906838403846,5.001668935281666,10.089947524197598,0.6345769560157228,10
3,0.006881832832440067,0.02867861633179394,0.04531946805661,0.12319787447189041,0.010216622504124155,5.066844857164787,10.068174445321626,0.7582950877270033,20
