,precision,recall,ndcg,hit_ratio,F1,diversity,novelty,coverage,K
0,0.005622339428663224,0.0016359605339820059,0.005622339428663224,0.005622339428663224,0.0024953752752205267,1.0000000000000706,10.276588722941304,0.22145853005116495,1
1,0.0056116302107037976,0.007911817239545996,0.015594874213723285,0.027442371020855633,0.006411860296629074,4.979095558732051,10.16953240294411,0.4871428885131426,5
2,0.0054750876817221805,0.015647442345523,0.023667391813163338,0.052528714090654315,0.007955586272333622,5.026150146278917,10.128117295767094,0.6209622521355321,10
3,0.005264919279269649,0.030017746704047905,0.03561487505335372,0.09774838692404898,0.00884417656099442,5.089142910643015,10.099437992498649,0.7475789982213048,20
