,precision,recall,ndcg,hit_ratio,F1,diversity,novelty,coverage,K
0,0.007211793403330159,0.0014338953835209402,0.007211793403330159,0.007211793403330159,0.0022650878561525046,0.9999999999999293,10.118095039283991,0.09416104877138277,1
1,0.007275426874535977,0.007105818096057328,0.019390027454756754,0.03542263230459208,0.006456943360986678,4.938274445705707,10.018124334119225,0.2631370912843936,5
2,0.007625410966168274,0.014494970000642699,0.031116439243553975,0.07233004560398737,0.008896606720281152,4.9849148938205605,9.981259976022884,0.38004787105557875,10
3,0.0076360165447026404,0.028988797657806833,0.04847900301896195,0.1350090147417535,0.010977156402835609,5.0477837183532275,9.956337304061716,0.5183249522387404,20
