,precision,recall,ndcg,hit_ratio,F1,diversity,novelty,coverage,K
0,0.007344679218394553,0.0015757934832147942,0.007344679218394553,0.007344679218394553,0.0024649116762339596,1.0000000000007403,10.242634021455856,0.21188431893541798,1
1,0.0073008303872401075,0.007646811882140455,0.019883268781727814,0.035407931157335606,0.006770325881793857,4.958663017260381,10.153447468318998,0.46887283427391907,5
2,0.007098029543149686,0.01509065438728748,0.02999721030713271,0.0668694675107561,0.008761279763565612,5.00599829089397,10.118033108667937,0.6035925250883858,10
3,0.006686946751075863,0.028598463416588317,0.044503023233238424,0.12014579736359825,0.010020095492395683,5.0717703820586415,10.09707390556833,0.7308680471683612,20
