,precision,recall,ndcg,hit_ratio,F1,diversity,novelty,coverage,K
0,0.062123398115928555,0.005563975033479752,0.062123398115928555,0.062123398115928555,0.009182274739501619,0.9999999999999516,6.230641959011015,0.003968996114124224,1
1,0.05371297632182088,0.02322071153312908,0.08349291120797374,0.14987694135618554,0.0257694596771041,0.3062357642701993,6.48780136118023,0.011532946823764104,5
2,0.047326657048291934,0.038813863859410644,0.10756297184924904,0.21144869727572754,0.032988379328008924,0.38771057065238396,6.656784502937443,0.01782931238700829,10
3,0.040592378850885034,0.06250956945416172,0.1462772174140262,0.290121361283192,0.03818684086255251,0.4743616026973697,6.829338986770918,0.02848949566735241,20
