,precision,recall,ndcg,hit_ratio,F1,diversity,novelty,coverage,K
0,0.12601800257179752,0.0026279500512261553,0.12601800257179752,0.12601800257179752,0.005116112002612023,0.9999999999999699,6.318223164624475,0.0032416931612742348,1
1,0.11170167166738125,0.011627200694077976,0.14462437716693607,0.26510930132875776,0.020473377332440885,0.30167500543346687,6.574221487403757,0.010119901086798413,5
2,0.10081440205743825,0.021180288554392027,0.17937685162351819,0.355765109301322,0.033353002606419685,0.36241621197437174,6.731102080972892,0.016063005215801177,10
3,0.09079511358765484,0.03802098006475261,0.25313644703888905,0.47085297899698864,0.04986601818064571,0.44578584416879136,6.898786691832981,0.026016665627662448,20
