,precision,recall,ndcg,hit_ratio,F1,diversity,novelty,coverage,K
0,0.05925925925925995,0.005796889092341545,0.05925925925925995,0.05925925925925995,0.009470033441213268,1.0000000000002123,6.229061874187521,0.003657294848617085,1
1,0.050280193236715634,0.024132604470899932,0.0799465622725956,0.1433172302737494,0.02588077266648863,0.30561012468613535,6.484340611571576,0.011075784967686969,5
2,0.044644122383250835,0.04025917736599376,0.10382923527313152,0.20347826086957013,0.03295567272087053,0.3888121367305221,6.653638694770024,0.017102009434158304,10
3,0.03801288244766336,0.06416638748866499,0.1407741365216834,0.2803220611916279,0.03733911830814632,0.47629737426989727,6.825642883991571,0.027886873220705276,20
