,precision,recall,ndcg,hit_ratio,F1,diversity,novelty,coverage,K
0,0.011887231934888012,0.003500575620465298,0.011887231934888012,0.011887231934888012,0.0053081386231770425,1.0000000000000706,6.773122035691407,0.002371645658570864,1
1,0.011062622152017641,0.015964320455499056,0.029980810878049092,0.05293030976413029,0.012749633048955789,0.469491799827395,7.093769658795472,0.006412227150950855,5
2,0.009828384782201414,0.02848371497671473,0.04239636846508388,0.09073384916066864,0.014330747199108616,0.4816821957689118,7.2813060773209095,0.0112433571961878,10
3,0.008608872587078868,0.049422148447611454,0.05932199678683747,0.1515889802147279,0.01446862015025596,0.4793294427971129,7.509127634461701,0.017853221485352892,20
