,precision,recall,ndcg,hit_ratio,F1,diversity,novelty,coverage,K
0,0.014613005792935108,0.0032678709147567707,0.014613005792935108,0.014613005792935108,0.005081781324521429,1.0000000000003724,6.779741584752204,0.0024155650226184724,1
1,0.014099046125702104,0.015104462744861633,0.03633456795123175,0.0668147567402788,0.013231676607674466,0.4670357345856252,7.101661583111494,0.0064561465149984626,5
2,0.012748813101615282,0.027111716242300295,0.05204635131993775,0.11433424800732266,0.015717960040203927,0.4798294752971428,7.2895861441695295,0.0112433571961878,10
3,0.011436691493533322,0.047459800161281596,0.07392647147849732,0.18840106276406698,0.016931453853900758,0.477549128252378,7.5173752985734845,0.017919100531424304,20
