,precision,recall,ndcg,hit_ratio,F1,diversity,novelty,coverage,K
0,0.017287093010923706,0.0036428589941589215,0.017287093010923706,0.017287093010923706,0.005706493907181314,0.9999999999999293,6.684242420838887,0.0021740085203566253,1
1,0.017202248382649464,0.017484605687335807,0.04323913193013473,0.08134478735815001,0.01564907288848531,0.4812522762461012,7.011515539342036,0.006104791602617594,5
2,0.015441722345954227,0.03118229575840527,0.06164461944418552,0.13681196309258603,0.018638361710921578,0.49447749436902266,7.199467124284659,0.010738284509640301,10
3,0.013601654470250931,0.05274791017544514,0.08638659031454562,0.21752041573867745,0.019706197254049512,0.49298760826361787,7.426800078203472,0.017392068162853002,20
