,precision,recall,ndcg,hit_ratio,F1,diversity,novelty,coverage,K
0,0.013922003891583693,0.0031709715039567286,0.013922003891583693,0.013922003891583693,0.004920351443135262,1.0000000000007403,6.804419203116581,0.0023496859765470596,1
1,0.013297158047630268,0.014489417997004027,0.034550382751388664,0.0630601003042,0.012607005349712484,0.4633620857786388,7.124955919670376,0.006412227150950855,5
2,0.012052947463619377,0.026059851454081375,0.04956609507439641,0.10852585710762856,0.014963308847976147,0.4760443298607529,7.312873497577354,0.011199437832140191,10
3,0.010877250678287435,0.04609331740418486,0.07070669399747341,0.18087642851269453,0.016214441726408686,0.4735597224580757,7.540780537216783,0.017875181167376696,20
