,precision,recall,ndcg,hit_ratio,F1,diversity,novelty,coverage,K
0,0.02649702346212194,0.0022533088203340037,0.02649702346212194,0.02649702346212194,0.004094893095026252,0.9999999999999372,6.80860195325144,0.0021300891563090165,1
1,0.027337457686471025,0.011355595539305574,0.06403611813687678,0.12734913038403367,0.015333323504102195,0.45632761122327276,7.13606934138423,0.005907154464403356,5
2,0.025481498774366434,0.021129981127433268,0.09411901498419097,0.2172289015991548,0.02176602667119918,0.4717518562541603,7.325686153142754,0.010496728007378452,10
3,0.023765612232988235,0.038904218178938375,0.13760007182964193,0.3488969300805271,0.027669086825161775,0.4697871895851726,7.553334035847464,0.017084632614519743,20
