,precision,recall,ndcg,hit_ratio,F1,diversity,novelty,coverage,K
0,0.0803686240891559,0.0017196574436851154,0.0803686240891559,0.0803686240891559,0.0033465356312723767,0.9999999999999699,8.333548199644733,0.054068655972072145,1
1,0.07899699957136698,0.008563036216949824,0.1218423023367396,0.27389627089583846,0.0150290177735615,4.285843239038918,8.349659241968178,0.16442939074058682,5
2,0.07363909129875776,0.01592914307374376,0.17338842201321283,0.404200600085718,0.024991700711810543,4.378973516981773,8.368251301388057,0.2520571856038567,10
3,0.06861337333904904,0.029705683683904763,0.25484397428993105,0.554222031718803,0.03867029755807955,4.487362694058473,8.39078707761169,0.3633114454326324,20
