,precision,recall,ndcg,hit_ratio,F1,diversity,novelty,coverage,K
0,0.078721552045766,0.010200320439647761,0.078721552045766,0.078721552045766,0.015996824861110096,1.000000000000103,8.367109808835453,0.08444850802094589,1
1,0.06792687476682165,0.039119021936922294,0.11345923314150619,0.23218505161050454,0.03943546346031375,4.167828808987344,8.381485795338175,0.24914803424486742,5
2,0.0621315756746691,0.0688141707622125,0.15830097925788156,0.34535505534136823,0.0509708030591937,4.288615254644785,8.393310088223854,0.3708752389660045,10
3,0.05396716826265564,0.10944587992362953,0.22099687636428417,0.47494092774527574,0.057138136702869484,4.424499223686589,8.408288186334337,0.5146288754052032,20
