,precision,recall,ndcg,hit_ratio,F1,diversity,novelty,coverage,K
0,0.055944055944055944,0.012715245281034756,0.055944055944055944,0.055944055944055944,0.018222912422830154,1.0000000000000062,1.7766936802270121,0.02452697967764541,1
1,0.055944055944056,0.06747346155927263,0.12562530050875592,0.2552447552447551,0.053310950911946646,2.1369929467324424,2.046693901099043,0.0918009810791871,5
2,0.053146853146853225,0.1242406048057453,0.18188991992847603,0.4160839160839156,0.06586751319719297,2.1985773044950876,2.234535094288702,0.15416958654519972,10
3,0.048076923076922996,0.2157406979482375,0.2595173740090005,0.6258741258741269,0.07184873384737243,2.2565787968612403,2.4652879581817206,0.2347582340574632,20
