,precision,recall,ndcg,hit_ratio,F1,diversity,novelty,coverage,K
0,0.13051864552079007,0.002889660218723422,0.13051864552079007,0.13051864552079007,0.005611311369500553,0.9999999999999699,7.051508987881099,0.03522224300230659,1
1,0.11958851264466369,0.01314752543607457,0.16477226949767013,0.36048006858121895,0.02296907426428579,3.4231824763964807,7.250588411704409,0.10838892005901545,5
2,0.11185169309901626,0.024477011216644508,0.22337441849732353,0.4967852550364219,0.03824750736596574,3.545386157823143,7.377597494460687,0.16759138042100452,10
3,0.10158594084869103,0.04398925950713518,0.3213417412789374,0.6416630947278011,0.05734666777730511,3.682620642804267,7.527095047988813,0.25170916193919746,20
