,precision,recall,ndcg,hit_ratio,F1,diversity,novelty,coverage,K
0,0.10862433862434152,0.019682282330662076,0.10862433862434152,0.10862433862434152,0.030007436228045574,1.0000000000001619,7.183833539648373,0.10209255449577126,1
1,0.09243386243386618,0.07444684828639893,0.1490731985216041,0.28756613756612637,0.07086992036551736,3.330365334497177,7.425836888987946,0.2989215136213453,5
2,0.08130158730159492,0.1258778965096013,0.19840679719469606,0.40179894179887427,0.08561074664107178,3.4968467752614236,7.575511525643654,0.44155601271741163,10
3,0.06610052910053624,0.19294733863551133,0.26318104388256913,0.523756613756511,0.0874279704586086,3.6728691856393354,7.711180165360919,0.5866633418531679,20
