,precision,recall,ndcg,hit_ratio,F1,diversity,novelty,coverage,K
0,0.11441363014550665,0.014286918103555443,0.11441363014550665,0.11441363014550665,0.022407902545522943,1.000000000000103,7.1242915623218535,0.05758161378135195,1
1,0.1013058077353592,0.05568943461784031,0.15413701294112728,0.306429548563611,0.05736197612225923,3.368088947486831,7.364275689260571,0.1863973567732685,5
2,0.09022509638104996,0.09410129352289492,0.20379214971221357,0.421216266633483,0.07206687648265539,3.519108354810901,7.512266011976708,0.29123288240550255,10
3,0.07589852008456512,0.1458238313674228,0.2761653267848962,0.5480661609252373,0.07874780058990367,3.6804769321775543,7.65466567660202,0.41732643434532346,20
