,precision,recall,ndcg,hit_ratio,F1,diversity,novelty,coverage,K
0,0.016411876522716976,0.004722701374732077,0.016411876522716976,0.016411876522716976,0.0072087060842381855,1.0000000000000706,7.449283999285315,0.07176424085379243,1
1,0.013027763647560184,0.0187076651227549,0.03663569553951523,0.06264892506224885,0.014987689614875106,3.7304442835039517,7.856585657018997,0.21028591505994992,5
2,0.011689111402639675,0.033437429481713236,0.05167334696871663,0.10845760488340829,0.01697401149116714,3.77081389156205,8.07674615848633,0.31523123545171067,10
3,0.010242028325880741,0.05866617965223315,0.07179550020827967,0.18063773392949,0.017212268603349776,3.821784299416672,8.320090191521244,0.4402696648952523,20
