,precision,recall,ndcg,hit_ratio,F1,diversity,novelty,coverage,K
0,0.01893721395489062,0.004320742525655884,0.01893721395489062,0.01893721395489062,0.006734303921240471,1.0000000000007403,7.433134061745816,0.06614256225569853,1
1,0.015171695579488956,0.016905967282267405,0.041147406372592385,0.07243278796349631,0.014656653574311175,3.709051386183177,7.8499818625479785,0.19541921032983442,5
2,0.01410562087204414,0.030905724636581453,0.059315001569919895,0.12817561456878324,0.017722611063452024,3.7448142071286323,8.073768732665597,0.2940840616627871,10
3,0.012607909232920626,0.05473845944791319,0.08355391325221544,0.21074844473675242,0.019021930644466722,3.793404788910232,8.320420808449962,0.4153234661162106,20
