,precision,recall,ndcg,hit_ratio,F1,diversity,novelty,coverage,K
0,0.01938237728124053,0.0043383387051572075,0.01938237728124053,0.01938237728124053,0.0067681030618325705,1.0000000000003724,7.384459546338303,0.0731037814572445,1
1,0.01584999346661401,0.017447029480303806,0.04254339926305598,0.07530815802082284,0.015186150385725185,3.7218218343052722,7.799505420470221,0.21193289121173525,5
2,0.014676161853738415,0.03152911009665848,0.06127026039605693,0.13267128359249722,0.018264034740068796,3.758505812599004,8.02506903623659,0.31674645351135317,10
3,0.013074393484038918,0.05565234834227105,0.08621787024646964,0.21716973735790976,0.01959047025706027,3.806702046710652,8.273420745981234,0.44191664104703765,20
